accuracy,f1_macro,f1_weighted
0.9995398067188219,0.99950521107485,0.9995399229904164
